PassId,FlightId,BookingId,Passname,PassEmail,PassDob
1,1,1,vivanets0,mdanson0@cnn.com,2/7/2021
2,2,2,mperulli1,arieger1@google.es,2/22/2021
3,3,3,kruppeli2,ttohill2@reference.com,12/7/2021
4,4,4,gpinard3,jbonelle3@yolasite.com,3/3/2021
5,5,5,vbyne4,opattlel4@angelfire.com,8/18/2021
6,6,6,bcyphus5,piannazzi5@tuttocitta.it,7/5/2021
7,7,7,sspelwood6,asleaford6@cloudflare.com,11/12/2021
8,8,8,nbury7,koblein7@elegantthemes.com,12/13/2021
9,9,9,swadeling8,flevermore8@redcross.org,9/28/2021
10,10,10,knelligan9,jturvie9@npr.org,8/13/2021
11,11,11,hlukasena,dsimionia@usatoday.com,3/4/2021
12,12,12,kduffettb,cgiacominib@ebay.co.uk,9/23/2021
13,13,13,lstebbingc,cwaszkiewiczc@theatlantic.com,9/10/2021
14,14,14,edeggd,gharvattd@weebly.com,3/8/2021
15,15,15,cglasnere,sbrobake@nasa.gov,9/6/2021
16,16,16,bdougaryf,tmccasterf@wired.com,2/14/2021
17,17,17,gstanneyg,glewing@nationalgeographic.com,12/18/2021
18,18,18,vtramelh,emoulth@sogou.com,7/12/2021
19,19,19,ltomaseki,sbenmorei@patch.com,9/18/2021
20,20,20,kfarquharsonj,kfullerj@cmu.edu,5/11/2021
21,21,21,doduggank,ijoseburyk@typepad.com,12/28/2021
22,22,22,dlorkinl,dgallandrel@sphinn.com,6/18/2021
23,23,23,aemmam,bkohlerm@soundcloud.com,2/10/2021
24,24,24,fwoodwindn,cboorern@cisco.com,9/16/2021
25,25,25,ehobdeno,abusso@smugmug.com,1/24/2021
26,26,26,ldrewetp,cterramp@vistaprint.com,12/24/2021
27,27,27,mheliotq,kdavidescoq@hostgator.com,7/1/2021
28,28,28,mharmerr,akimblyr@liveinternet.ru,7/28/2021
29,29,29,cgarrochs,vcreaghs@zimbio.com,9/5/2021
30,30,30,dbartott,hthoumast@wiley.com,8/4/2021
31,31,31,bbrattenu,hshulveru@time.com,8/16/2021
32,32,32,oleavoldv,abeidebekev@ucla.edu,12/8/2021
33,33,33,amittenw,sglazierw@cyberchimps.com,4/16/2021
34,34,34,ldaviesx,ttillettx@yale.edu,10/28/2021
35,35,35,dleblancy,nashliny@friendfeed.com,11/3/2021
36,36,36,wblakesz,csheberz@goo.ne.jp,1/12/2021
37,37,37,mdemars10,blilburn10@people.com.cn,8/13/2021
38,38,38,bthornton11,zclow11@cocolog-nifty.com,2/23/2021
39,39,39,akier12,tharradence12@ftc.gov,9/30/2021
40,40,40,rcoweuppe13,spetkens13@smh.com.au,10/2/2021
41,41,41,fpyle14,ekingscote14@zimbio.com,10/7/2021
42,42,42,spotteridge15,tstudholme15@statcounter.com,10/12/2021
43,43,43,lhassent16,sanersen16@auda.org.au,9/23/2021
44,44,44,arudolfer17,dpovey17@addthis.com,1/3/2022
45,45,45,patmore18,fpendrich18@ezinearticles.com,10/21/2021
46,46,46,bbraden19,srosel19@smh.com.au,8/25/2021
47,47,47,canderl1a,proydon1a@nba.com,10/21/2021
48,48,48,zfearne1b,bshaefer1b@tuttocitta.it,4/7/2021
49,49,49,cflippelli1c,lgodball1c@nyu.edu,6/28/2021
50,50,50,dwheatland1d,awhile1d@wsj.com,9/26/2021
51,51,51,tcharon1e,msarsfield1e@cpanel.net,12/15/2021
52,52,52,sstarton1f,rbamforth1f@printfriendly.com,9/21/2021
53,53,53,gleyman1g,ksummersett1g@goo.gl,12/31/2021
54,54,54,adurdle1h,hfrid1h@goodreads.com,4/22/2021
55,55,55,ptumini1i,atennant1i@stanford.edu,11/3/2021
56,56,56,lbispham1j,rcoupman1j@elegantthemes.com,11/16/2021
57,57,57,abloom1k,dspohr1k@loc.gov,7/24/2021
58,58,58,scumpton1l,ddykes1l@usatoday.com,2/18/2021
59,59,59,fludron1m,tvolette1m@jiathis.com,5/11/2021
60,60,60,pcauson1n,csweeting1n@cnbc.com,1/7/2022
61,61,61,vferrario1o,cbrewin1o@state.tx.us,12/23/2021
62,62,62,bbyng1p,kstuke1p@umich.edu,11/24/2021
63,63,63,ewyd1q,vrimmington1q@columbia.edu,7/1/2021
64,64,64,bottiwill1r,ljosefowicz1r@tripod.com,3/2/2021
65,65,65,tdocharty1s,astyche1s@bing.com,11/3/2021
66,66,66,ttyers1t,wgoldbourn1t@sakura.ne.jp,6/8/2021
67,67,67,eswindells1u,ktebb1u@marriott.com,10/5/2021
68,68,68,jsapey1v,jgarrad1v@tuttocitta.it,8/12/2021
69,69,69,dcota1w,fcortese1w@bing.com,7/30/2021
70,70,70,cshurmore1x,fvolker1x@blog.com,11/18/2021
71,71,71,finett1y,ltwohig1y@51.la,3/1/2021
72,72,72,rmilam1z,tmisselbrook1z@wp.com,9/16/2021
73,73,73,rlarcher20,dcapitano20@pbs.org,3/26/2021
74,74,74,spaske21,aosinin21@yahoo.com,6/6/2021
75,75,75,bgrise22,osimao22@g.co,1/29/2021
76,76,76,wsalter23,bgoude23@who.int,12/1/2021
77,77,77,mkloisner24,bdomotor24@ucoz.ru,7/15/2021
78,78,78,chanks25,rclemson25@bloglovin.com,3/12/2021
79,79,79,rfogt26,mglascott26@shop-pro.jp,4/10/2021
80,80,80,feke27,mdarbyshire27@xinhuanet.com,2/13/2021
81,81,81,mrumens28,dnance28@gov.uk,8/26/2021
82,82,82,carkill29,ppriter29@webs.com,9/13/2021
83,83,83,avaz2a,bmoir2a@tinyurl.com,1/30/2021
84,84,84,cbulstrode2b,dquirk2b@miibeian.gov.cn,7/19/2021
85,85,85,tdelafield2c,give2c@flickr.com,10/11/2021
86,86,86,ddavley2d,tdeveril2d@bigcartel.com,3/8/2021
87,87,87,dbuney2e,ewitton2e@bigcartel.com,6/24/2021
88,88,88,styce2f,cjedryka2f@cbc.ca,4/26/2021
89,89,89,tdunkerly2g,zmcculley2g@noaa.gov,2/3/2021
90,90,90,bsnartt2h,tbriand2h@bloomberg.com,3/7/2021
91,91,91,lstolte2i,pmcquorkel2i@wufoo.com,4/27/2021
92,92,92,hchapell2j,lpaladino2j@archive.org,1/18/2021
93,93,93,hjuarez2k,ngaythwaite2k@ted.com,4/27/2021
94,94,94,pmaggiore2l,pdeferraris2l@blinklist.com,7/7/2021
95,95,95,wmacallister2m,shamilton2m@nasa.gov,1/3/2022
96,96,96,kabrahm2n,gbessell2n@nifty.com,6/13/2021
97,97,97,cmatuszinski2o,ncorradino2o@nature.com,2/12/2021
98,98,98,wpassby2p,bdennehy2p@comcast.net,3/1/2021
99,99,99,wboggish2q,cportinari2q@google.co.jp,12/20/2021
100,100,100,djobling2r,dsouch2r@illinois.edu,6/10/2021
101,101,101,kkohrding2s,gsteuart2s@ehow.com,12/18/2021
102,102,102,jhadgkiss2t,cbrounfield2t@wunderground.com,10/27/2021
103,103,103,rgleasane2u,dtomini2u@dot.gov,12/31/2021
104,104,104,hbrouncker2v,dgot2v@census.gov,9/2/2021
105,105,105,ddrewes2w,bgrzelczak2w@desdev.cn,11/19/2021
106,106,106,gjohnsson2x,rmournian2x@stanford.edu,2/2/2021
107,107,107,zpavese2y,amatschke2y@economist.com,4/22/2021
108,108,108,cneeve2z,ptweedie2z@addthis.com,11/3/2021
109,109,109,fmeredith30,hpilley30@last.fm,11/17/2021
110,110,110,fleale31,hbrittoner31@japanpost.jp,11/2/2021
111,111,111,kbrou32,tcicchetto32@about.me,5/7/2021
112,112,112,gsynnott33,mjeste33@marketwatch.com,9/13/2021
113,113,113,ofryer34,ccornick34@sun.com,2/16/2021
114,114,114,mshildrake35,rjedrzejkiewicz35@tiny.cc,4/2/2021
115,115,115,cvondrasek36,snunn36@tiny.cc,11/8/2021
116,116,116,egollop37,rbrewerton37@utexas.edu,1/18/2021
117,117,117,ssimpson38,icornock38@squidoo.com,9/20/2021
118,118,118,wmccaghan39,jbefroy39@angelfire.com,8/27/2021
119,119,119,asturgis3a,lbouldon3a@si.edu,10/2/2021
120,120,120,ggemeau3b,gwheatcroft3b@friendfeed.com,10/3/2021
121,121,121,dbrackenbury3c,bpetti3c@senate.gov,8/2/2021
122,122,122,sshulem3d,mknighton3d@ucla.edu,12/31/2021
123,123,123,csimka3e,dosman3e@telegraph.co.uk,8/8/2021
124,124,124,jantonucci3f,lreinbeck3f@blogger.com,10/8/2021
125,125,125,tdevoiels3g,mkadwallider3g@tinyurl.com,11/23/2021
126,126,126,rgerbel3h,mberford3h@geocities.com,3/26/2021
127,127,127,votierney3i,gbruckstein3i@people.com.cn,11/23/2021
128,128,128,dbutland3j,btax3j@rambler.ru,12/23/2021
129,129,129,kstot3k,kmerill3k@google.co.jp,7/23/2021
130,130,130,blinebarger3l,ijaquet3l@soundcloud.com,9/13/2021
131,131,131,bdurno3m,adermot3m@usda.gov,10/15/2021
132,132,132,ltowriss3n,bisaac3n@home.pl,7/23/2021
133,133,133,mnoden3o,fendicott3o@craigslist.org,3/30/2021
134,134,134,rklus3p,mbodham3p@altervista.org,11/1/2021
135,135,135,bjorry3q,mcadagan3q@imdb.com,3/29/2021
136,136,136,drenehan3r,ffinlow3r@huffingtonpost.com,4/17/2021
137,137,137,meleshenar3s,kwaterworth3s@php.net,4/26/2021
138,138,138,gharrop3t,kcamamill3t@mapy.cz,5/17/2021
139,139,139,mlockton3u,aleguey3u@php.net,12/30/2021
140,140,140,kmalin3v,ctumelty3v@hao123.com,4/29/2021
141,141,141,dgwyther3w,bgrent3w@usa.gov,6/7/2021
142,142,142,mgeorgot3x,athomen3x@census.gov,9/21/2021
143,143,143,ewillis3y,phughlin3y@scribd.com,3/11/2021
144,144,144,cringe3z,cjurkiewicz3z@homestead.com,4/23/2021
145,145,145,kdizlie40,ocowins40@kickstarter.com,1/20/2021
146,146,146,rbrimham41,dhousego41@who.int,8/3/2021
147,147,147,zwycliff42,khaysar42@1und1.de,7/15/2021
148,148,148,lpaddison43,psisselot43@patch.com,6/3/2021
149,149,149,munderwood44,ahackett44@mozilla.org,9/26/2021
150,150,150,chazeldean45,rkeetch45@meetup.com,7/14/2021
151,151,151,ccrown46,mskilton46@surveymonkey.com,8/26/2021
152,152,152,jduchesne47,sbould47@issuu.com,1/30/2021
153,153,153,dthal48,psphinxe48@toplist.cz,4/10/2021
154,154,154,aworsalls49,rgaven49@npr.org,2/27/2021
155,155,155,seckart4a,qmainwaring4a@cloudflare.com,2/26/2021
156,156,156,fsemor4b,trumble4b@de.vu,5/18/2021
157,157,157,trundall4c,sshellibeer4c@myspace.com,9/12/2021
158,158,158,lkemster4d,btomkowicz4d@patch.com,9/10/2021
159,159,159,pmaxstead4e,wgodart4e@constantcontact.com,3/19/2021
160,160,160,rriccioppo4f,kfawcitt4f@reddit.com,6/1/2021
161,161,161,choult4g,ldealey4g@youku.com,5/12/2021
162,162,162,dfransman4h,mpaslow4h@cnet.com,6/15/2021
163,163,163,rhughill4i,jgwin4i@parallels.com,5/23/2021
164,164,164,rmarcham4j,ndoodney4j@japanpost.jp,5/31/2021
165,165,165,sharhoff4k,lhamshaw4k@merriam-webster.com,3/19/2021
166,166,166,mdillaway4l,tmulles4l@nba.com,12/9/2021
167,167,167,ddownham4m,bflippen4m@hc360.com,2/8/2021
168,168,168,tpimer4n,lcunnah4n@4shared.com,1/1/2022
169,169,169,nwendover4o,bjanik4o@xing.com,12/28/2021
170,170,170,bhuonic4p,btolussi4p@state.tx.us,1/15/2021
171,171,171,dblodget4q,tchipping4q@clickbank.net,11/5/2021
172,172,172,fdowning4r,nklus4r@youtube.com,4/15/2021
173,173,173,pdumini4s,spottell4s@paginegialle.it,4/10/2021
174,174,174,epauluzzi4t,rhaselden4t@home.pl,11/25/2021
175,175,175,sbrownsall4u,amurfin4u@privacy.gov.au,5/3/2021
176,176,176,hhowton4v,ljobke4v@networksolutions.com,5/28/2021
177,177,177,demeney4w,cspeenden4w@techcrunch.com,3/6/2021
178,178,178,cjacobi4x,bjerrome4x@sourceforge.net,11/5/2021
179,179,179,afraser4y,dthunnercliffe4y@blogspot.com,3/11/2021
180,180,180,mvickery4z,mbernier4z@google.ru,5/19/2021
181,181,181,mdannatt50,lbrimm50@epa.gov,5/1/2021
182,182,182,sbenting51,ykeson51@multiply.com,4/24/2021
183,183,183,sduly52,arelfe52@youtube.com,3/26/2021
184,184,184,atrewartha53,mstaker53@cbslocal.com,10/28/2021
185,185,185,nlansbury54,barmer54@artisteer.com,6/15/2021
186,186,186,aexton55,cmcdougal55@bing.com,6/8/2021
187,187,187,svader56,gquantrill56@meetup.com,5/31/2021
188,188,188,agaraway57,kdollar57@nytimes.com,11/15/2021
189,189,189,lmandres58,wcoursor58@rediff.com,1/3/2022
190,190,190,kkeaysell59,kblakden59@wisc.edu,2/3/2021
191,191,191,mstonhewer5a,mgimlet5a@prlog.org,10/14/2021
192,192,192,hdessaur5b,cburns5b@amazon.com,8/18/2021
193,193,193,gminnette5c,lszubert5c@amazon.co.uk,4/20/2021
194,194,194,clucchi5d,aternault5d@dell.com,3/31/2021
195,195,195,lfraney5e,fwearden5e@oracle.com,6/10/2021
196,196,196,mcurds5f,arisdall5f@comsenz.com,4/11/2021
197,197,197,ogoreisr5g,emonini5g@purevolume.com,11/30/2021
198,198,198,tbloyes5h,alove5h@ca.gov,5/17/2021
199,199,199,fkirdsch5i,lwhelpton5i@dagondesign.com,4/29/2021
200,200,200,ovassar5j,vcumbers5j@independent.co.uk,10/14/2021
201,201,201,oirons5k,wwolford5k@is.gd,4/6/2021
202,202,202,fginnelly5l,cmocker5l@instagram.com,12/23/2021
203,203,203,dfutcher5m,mtulley5m@ebay.com,7/23/2021
204,204,204,nwind5n,gdunbabin5n@cam.ac.uk,9/26/2021
205,205,205,ffeatherston5o,lseamons5o@arstechnica.com,7/19/2021
206,206,206,flyngsted5p,dyukhnevich5p@boston.com,9/27/2021
207,207,207,ifoux5q,mallbones5q@examiner.com,8/3/2021
208,208,208,nballs5r,bvandrill5r@indiegogo.com,8/8/2021
209,209,209,tringham5s,cmansell5s@psu.edu,7/3/2021
210,210,210,hmaclaverty5t,mbarcroft5t@studiopress.com,2/18/2021
211,211,211,rkeble5u,lmcauslene5u@army.mil,2/10/2021
212,212,212,amilstead5v,cgodridge5v@sfgate.com,10/5/2021
213,213,213,ddillon5w,harrigo5w@kickstarter.com,12/13/2021
214,214,214,sdendle5x,ssweatman5x@archive.org,7/10/2021
215,215,215,kanderl5y,ecollcott5y@usgs.gov,12/10/2021
216,216,216,njeannot5z,fdorot5z@domainmarket.com,5/11/2021
217,217,217,csparrowhawk60,lradley60@arizona.edu,7/30/2021
218,218,218,ocastanho61,ddun61@blogs.com,3/26/2021
219,219,219,ewickling62,egrellis62@cdc.gov,11/12/2021
220,220,220,taleshintsev63,ctregidgo63@census.gov,6/23/2021
221,221,221,acaban64,hdorre64@themeforest.net,8/27/2021
222,222,222,kmacadie65,ktheis65@ucoz.ru,3/3/2021
223,223,223,uguilloneau66,cyellep66@google.co.jp,1/15/2021
224,224,224,bfonte67,holliff67@tuttocitta.it,8/3/2021
225,225,225,shughf68,simloch68@netscape.com,3/27/2021
226,226,226,kspybey69,gleguin69@admin.ch,2/3/2021
227,227,227,anelthropp6a,rpealing6a@typepad.com,9/30/2021
228,228,228,hclutterbuck6b,ghanson6b@oaic.gov.au,3/19/2021
229,229,229,rzeal6c,owaldock6c@sakura.ne.jp,5/25/2021
230,230,230,ntarbett6d,fboteman6d@npr.org,11/28/2021
231,231,231,hbinning6e,arichin6e@delicious.com,1/11/2022
232,232,232,agethins6f,sburgoyne6f@dedecms.com,10/18/2021
233,233,233,vgregorace6g,bbakeup6g@wix.com,7/7/2021
234,234,234,cstuckow6h,apratty6h@mozilla.com,12/19/2021
235,235,235,jleadbetter6i,mbolino6i@springer.com,3/21/2021
236,236,236,aspatig6j,fmacgiany6j@usatoday.com,2/13/2021
237,237,237,vkennedy6k,kcandie6k@woothemes.com,4/19/2021
238,238,238,ademann6l,fchristophle6l@indiegogo.com,1/1/2022
239,239,239,shelgass6m,rsnooks6m@reference.com,9/13/2021
240,240,240,mvedyashkin6n,jzute6n@smugmug.com,11/25/2021
241,241,241,lline6o,agives6o@gizmodo.com,10/19/2021
242,242,242,jgerding6p,rdresse6p@elpais.com,6/11/2021
243,243,243,dstratton6q,wsaddleton6q@moonfruit.com,10/5/2021
244,244,244,gpetracchi6r,tnansom6r@slashdot.org,2/8/2021
245,245,245,ccockett6s,hflisher6s@xing.com,3/5/2021
246,246,246,amaccahee6t,bbumfrey6t@slate.com,9/9/2021
247,247,247,jsmeed6u,kskune6u@wikimedia.org,5/28/2021
248,248,248,dlechmere6v,gdonn6v@godaddy.com,4/3/2021
249,249,249,vhrinchishin6w,gclemmow6w@skyrock.com,8/8/2021
250,250,250,egrogan6x,mtolland6x@sun.com,2/16/2021
251,251,251,hfishly6y,gsherred6y@angelfire.com,8/18/2021
252,252,252,wnash6z,fmorling6z@tinyurl.com,9/22/2021
253,253,253,njohantges70,imacard70@mysql.com,7/31/2021
254,254,254,ploxley71,aquittonden71@china.com.cn,5/2/2021
255,255,255,mpuden72,rmccreath72@printfriendly.com,8/15/2021
256,256,256,mcastagneri73,mfarrant73@cmu.edu,6/17/2021
257,257,257,nsmitheman74,stapping74@mayoclinic.com,1/17/2021
258,258,258,fpardon75,bdrable75@wp.com,7/21/2021
259,259,259,jpoulton76,fwhittington76@npr.org,6/5/2021
260,260,260,wgurden77,tcleeves77@bizjournals.com,7/29/2021
261,261,261,jcraigs78,htredgold78@discovery.com,11/5/2021
262,262,262,fwreiford79,fmuehler79@guardian.co.uk,2/14/2021
263,263,263,lgreg7a,badenet7a@hibu.com,3/26/2021
264,264,264,ihucke7b,ephilipps7b@businessinsider.com,9/8/2021
265,265,265,obotte7c,mpellitt7c@newyorker.com,7/2/2021
266,266,266,yrowley7d,mzamorrano7d@berkeley.edu,6/14/2021
267,267,267,jwinslett7e,wcords7e@vinaora.com,11/7/2021
268,268,268,orudloff7f,gjaggard7f@nydailynews.com,9/18/2021
269,269,269,twalkingshaw7g,abessom7g@feedburner.com,5/4/2021
270,270,270,ppieroni7h,cbenediktsson7h@ftc.gov,1/22/2021
271,271,271,hwaterstone7i,amaplesden7i@friendfeed.com,9/3/2021
272,272,272,hwildbore7j,mmurray7j@webmd.com,8/31/2021
273,273,273,mdoddridge7k,shallas7k@earthlink.net,3/26/2021
274,274,274,mgodlip7l,bvigus7l@washingtonpost.com,9/30/2021
275,275,275,chinzer7m,esharkey7m@earthlink.net,6/9/2021
276,276,276,atwinning7n,dmurrill7n@kickstarter.com,12/5/2021
277,277,277,cgradly7o,dbaptiste7o@miibeian.gov.cn,10/10/2021
278,278,278,mgiottini7p,gkinman7p@indiegogo.com,5/7/2021
279,279,279,jbalassa7q,bgarrould7q@aol.com,7/20/2021
280,280,280,egerler7r,noreilly7r@ucla.edu,6/16/2021
281,281,281,rallone7s,hpenritt7s@photobucket.com,1/7/2022
282,282,282,uvallender7t,zscandrick7t@google.de,10/11/2021
283,283,283,jboulde7u,dfedder7u@irs.gov,4/13/2021
284,284,284,kmaingot7v,kschlagman7v@deliciousdays.com,7/10/2021
285,285,285,wmeecher7w,tbalcers7w@nyu.edu,2/24/2021
286,286,286,bpaddington7x,lfreckelton7x@telegraph.co.uk,10/20/2021
287,287,287,jeggleson7y,hakerman7y@e-recht24.de,12/22/2021
288,288,288,tstokoe7z,aantyshev7z@yelp.com,9/30/2021
289,289,289,jodonegan80,adyzart80@yahoo.com,6/7/2021
290,290,290,smongenot81,dpinchon81@furl.net,9/13/2021
291,291,291,gward82,jchastenet82@privacy.gov.au,2/8/2021
292,292,292,kbranch83,jjochanany83@google.cn,8/16/2021
293,293,293,cselvester84,lbougen84@washington.edu,11/14/2021
294,294,294,jbossingham85,nkinnar85@geocities.com,7/9/2021
295,295,295,plynthal86,wlamberti86@t.co,5/21/2021
296,296,296,tpower87,btidbury87@wikispaces.com,1/2/2022
297,297,297,avickerstaff88,bcahani88@youtu.be,3/11/2021
298,298,298,bwinkett89,hudden89@topsy.com,2/23/2021
299,299,299,rtrussman8a,gswansborough8a@narod.ru,12/29/2021
300,300,300,mmacnulty8b,dboothroyd8b@miitbeian.gov.cn,9/17/2021
301,301,301,amacgaffey8c,aitzakson8c@soundcloud.com,3/7/2021
302,302,302,ladolf8d,mmagenny8d@twitpic.com,8/3/2021
303,303,303,zmannagh8e,efoskew8e@about.com,6/2/2021
304,304,304,kinfante8f,zfishley8f@furl.net,12/18/2021
305,305,305,chullin8g,mcalbaithe8g@163.com,7/31/2021
306,306,306,mklimshuk8h,chaggata8h@nytimes.com,7/19/2021
307,307,307,ocrocumbe8i,sstallen8i@theglobeandmail.com,7/27/2021
308,308,308,vshields8j,efoldes8j@mediafire.com,9/20/2021
309,309,309,tplacstone8k,lleith8k@123-reg.co.uk,8/2/2021
310,310,310,mjencken8l,ssergant8l@tripod.com,10/17/2021
311,311,311,cbessett8m,dcodron8m@noaa.gov,5/12/2021
312,312,312,mstruttman8n,dborgesio8n@github.io,6/22/2021
313,313,313,rmalham8o,lkember8o@addthis.com,11/13/2021
314,314,314,rmccready8p,tslewcock8p@ibm.com,11/16/2021
315,315,315,gpettis8q,bcollen8q@jugem.jp,2/26/2021
316,316,316,tgowenlock8r,zislep8r@alexa.com,5/18/2021
317,317,317,vbrantzen8s,kwortman8s@163.com,5/6/2021
318,318,318,rcoventon8t,dquincey8t@github.io,9/7/2021
319,319,319,mcubbini8u,ibazeley8u@delicious.com,12/5/2021
320,320,320,mjoice8v,cpirnie8v@wunderground.com,3/22/2021
321,321,321,cguichard8w,mben8w@java.com,9/17/2021
322,322,322,mbrunetti8x,acamies8x@xing.com,9/22/2021
323,323,323,lsollars8y,fborer8y@artisteer.com,6/29/2021
324,324,324,agarrold8z,ktonsley8z@ox.ac.uk,6/4/2021
325,325,325,ablakiston90,esommerlin90@skyrock.com,7/31/2021
326,326,326,rkitteringham91,rmccomb91@comsenz.com,5/19/2021
327,327,327,kkulver92,josborne92@ocn.ne.jp,2/23/2021
328,328,328,kfawcett93,jdecort93@com.com,3/29/2021
329,329,329,sdane94,tkop94@stumbleupon.com,10/18/2021
330,330,330,lleadstone95,dbashford95@elegantthemes.com,10/28/2021
331,331,331,rkerswill96,ntirkin96@phoca.cz,6/23/2021
332,332,332,aodornan97,cbrayford97@theglobeandmail.com,9/20/2021
333,333,333,dbance98,vbernardeschi98@mayoclinic.com,1/28/2021
334,334,334,bbonnar99,mhindrich99@gnu.org,10/9/2021
335,335,335,kpaddell9a,egowan9a@youtube.com,12/7/2021
336,336,336,lcastiglioni9b,lbarten9b@sohu.com,4/29/2021
337,337,337,drevan9c,epearton9c@cocolog-nifty.com,11/20/2021
338,338,338,mbusswell9d,ifrank9d@japanpost.jp,4/21/2021
339,339,339,mvondrach9e,bniset9e@mac.com,1/12/2021
340,340,340,dgrenshields9f,mdufton9f@howstuffworks.com,9/24/2021
341,341,341,awalak9g,dclethro9g@cyberchimps.com,8/20/2021
342,342,342,lgocher9h,lgerlack9h@discovery.com,7/21/2021
343,343,343,hpere9i,satherton9i@cdc.gov,11/26/2021
344,344,344,apasmore9j,ariccardi9j@goodreads.com,3/28/2021
345,345,345,ulodder9k,cbartke9k@umn.edu,7/13/2021
346,346,346,sadao9l,tphaup9l@hp.com,5/22/2021
347,347,347,pbakhrushkin9m,lsargood9m@comsenz.com,1/6/2022
348,348,348,rannon9n,rcoite9n@chicagotribune.com,6/20/2021
349,349,349,tricardet9o,bdoorbar9o@nytimes.com,9/22/2021
350,350,350,khedman9p,tensor9p@mapquest.com,3/17/2021
351,351,351,sdeedes9q,carman9q@lycos.com,1/10/2022
352,352,352,sbluck9r,bfinlater9r@omniture.com,9/12/2021
353,353,353,tframmingham9s,tjumonet9s@phoca.cz,7/2/2021
354,354,354,cmichurin9t,lfrancklin9t@clickbank.net,1/8/2022
355,355,355,msimison9u,dgillies9u@ezinearticles.com,5/6/2021
356,356,356,rguillain9v,jellson9v@yahoo.com,2/12/2021
357,357,357,aculver9w,muccello9w@kickstarter.com,4/1/2021
358,358,358,kdepper9x,ierdely9x@earthlink.net,5/9/2021
359,359,359,tharby9y,bbachelor9y@homestead.com,11/23/2021
360,360,360,sgarmey9z,nschimonek9z@howstuffworks.com,8/26/2021
361,361,361,oeversa0,ckantera0@samsung.com,10/9/2021
362,362,362,smearsa1,ahamshera1@china.com.cn,12/29/2021
363,363,363,mtarriera2,ggullivera2@sitemeter.com,7/24/2021
364,364,364,tumbersa3,blamertona3@ning.com,2/2/2021
365,365,365,ltwinbournea4,dmartinota4@aol.com,10/28/2021
366,366,366,atynemoutha5,jweldona5@apache.org,6/26/2021
367,367,367,lilotta6,lbohana6@auda.org.au,7/3/2021
368,368,368,gsargenta7,dannanda7@addtoany.com,1/26/2021
369,369,369,tspearsa8,wpatemana8@mysql.com,6/9/2021
370,370,370,asapha9,lcameratia9@github.io,8/4/2021
371,371,371,nbrizellaa,vrabsonaa@wufoo.com,1/23/2021
372,372,372,ssavegeab,kthackstonab@vk.com,3/5/2021
373,373,373,dsweetzerac,kmegaineyac@mtv.com,10/23/2021
374,374,374,cburrilad,rbartosinskiad@privacy.gov.au,4/17/2021
375,375,375,gmayburyae,brainerae@admin.ch,11/22/2021
376,376,376,tgilleyaf,peliffaf@blogs.com,10/1/2021
377,377,377,qcrateag,mmarkussenag@dion.ne.jp,1/22/2021
378,378,378,bmcgrannah,bclementelah@oakley.com,5/3/2021
379,379,379,mluxfordai,gatlayai@twitter.com,10/28/2021
380,380,380,bbellonaj,sblanshardaj@technorati.com,4/10/2021
381,381,381,gpetoak,dlivingstoneak@ehow.com,8/23/2021
382,382,382,tzanucioliial,ehailyal@fc2.com,4/4/2021
383,383,383,swatmougham,fbeynkeam@boston.com,6/7/2021
384,384,384,ahacquoilan,tgaleroan@stumbleupon.com,8/26/2021
385,385,385,hbansteadao,sdismoreao@vkontakte.ru,1/16/2021
386,386,386,sahrenap,bgaliaap@printfriendly.com,12/8/2021
387,387,387,fdunsleveaq,adacostaaq@google.com.hk,2/12/2021
388,388,388,lconnichiear,ncayzerar@pcworld.com,12/3/2021
389,389,389,alymbourneas,mnandas@bandcamp.com,6/9/2021
390,390,390,pheindrichat,clindeboomat@bluehost.com,4/26/2021
391,391,391,mpeetermannau,hmaccarlichau@blinklist.com,4/5/2021
392,392,392,amccullenav,tpringuerav@wiley.com,6/1/2021
393,393,393,zvandalenaw,cstarraw@free.fr,8/18/2021
394,394,394,pfilipczakax,ajuanicoax@biglobe.ne.jp,3/14/2021
395,395,395,chundleyay,ayongay@google.de,7/24/2021
396,396,396,rbillingsaz,efloriaz@archive.org,6/23/2021
397,397,397,mformiglib0,malldrittb0@auda.org.au,10/7/2021
398,398,398,mroggerb1,sbrinkmanb1@statcounter.com,12/6/2021
399,399,399,murenb2,ojewissb2@tamu.edu,12/14/2021
400,400,400,jgittinsb3,mlabesb3@mit.edu,11/21/2021
401,401,401,cmollettb4,hmorrillyb4@sourceforge.net,6/23/2021
402,402,402,rsherlawb5,edouceb5@digg.com,11/16/2021
403,403,403,tcalkenb6,feastopeb6@w3.org,10/15/2021
404,404,404,speplerb7,cvalentettib7@dedecms.com,4/3/2021
405,405,405,gsowleyb8,jnindb8@ifeng.com,5/31/2021
406,406,406,hwelbeloveb9,rdezamorab9@usda.gov,3/28/2021
407,407,407,btollerba,tbrandoba@skype.com,11/4/2021
408,408,408,dstackbridgebb,gspurgebb@xing.com,7/28/2021
409,409,409,rmoultbc,rhartebc@trellian.com,5/3/2021
410,410,410,tasaafbd,mhamsherbd@nps.gov,5/22/2021
411,411,411,gcrosbybe,ecounterbe@flavors.me,4/9/2021
412,412,412,jstorckbf,mpurchasebf@simplemachines.org,5/17/2021
413,413,413,llangthornebg,cgreenhousebg@ibm.com,12/6/2021
414,414,414,tlarmuthbh,lplummerbh@latimes.com,1/13/2021
415,415,415,kgildeabi,ssextybi@indiegogo.com,12/15/2021
416,416,416,megginsonbj,mspurginbj@tiny.cc,3/13/2021
417,417,417,slenevebk,athongerbk@moonfruit.com,6/17/2021
418,418,418,ccottillbl,jaldwichbl@php.net,10/1/2021
419,419,419,raguirrebm,sfigurebm@pen.io,6/10/2021
420,420,420,hedebn,cskrinesbn@jimdo.com,7/7/2021
421,421,421,ctwittybo,ohedgerbo@marketwatch.com,4/12/2021
422,422,422,mduggetbp,iallcroftbp@booking.com,5/11/2021
423,423,423,amalyanbq,xsearlebq@booking.com,12/15/2021
424,424,424,sbrumwellbr,lbarbosabr@elegantthemes.com,8/26/2021
425,425,425,bdorybs,plosebybs@who.int,1/1/2022
426,426,426,galdwincklebt,tiversbt@dailymail.co.uk,10/20/2021
427,427,427,kgildersbu,rcawkwellbu@paypal.com,6/22/2021
428,428,428,jmartuginbv,ynathanbv@surveymonkey.com,5/4/2021
429,429,429,abenechbw,mthreadgoldbw@alibaba.com,5/1/2021
430,430,430,fberfordbx,ggrellisbx@si.edu,8/5/2021
431,431,431,hangeloby,taymerby@indiegogo.com,1/17/2021
432,432,432,ghobbertbz,wveazeybz@bbb.org,2/12/2021
433,433,433,sdecleynec0,rvasilevichc0@utexas.edu,6/2/2021
434,434,434,kjoicec1,rstrotonc1@businessweek.com,2/1/2021
435,435,435,rfevierc2,mmcgennc2@google.it,4/12/2021
436,436,436,hrowselc3,sbueyc3@chron.com,5/30/2021
437,437,437,kpiddockc4,fachrameevc4@macromedia.com,2/6/2021
438,438,438,froonc5,rtripeanc5@fastcompany.com,4/14/2021
439,439,439,ieverillc6,hkilduffc6@tinypic.com,10/3/2021
440,440,440,cgovec7,pklossc7@webeden.co.uk,12/3/2021
441,441,441,kbellchamberc8,lbriiginshawc8@ebay.com,10/23/2021
442,442,442,afaiersc9,kcudworthc9@lulu.com,4/25/2021
443,443,443,acamillica,tbiaggionica@joomla.org,1/9/2022
444,444,444,udimmickcb,taugustecb@mac.com,11/26/2021
445,445,445,dlucascc,amcphillipscc@state.tx.us,7/1/2021
446,446,446,ajoneycd,dpoagcd@usatoday.com,6/1/2021
447,447,447,fpartridgece,rsimonouce@g.co,4/22/2021
448,448,448,kdarlingcf,tburdikincf@over-blog.com,4/12/2021
449,449,449,fblasecg,rcastancg@shinystat.com,10/20/2021
450,450,450,chaliburnch,dwiddicombech@blog.com,10/29/2021
451,451,451,eedwickci,mdumbeltonci@jimdo.com,2/19/2021
452,452,452,hslotcj,grisingcj@sciencedaily.com,7/14/2021
453,453,453,owissbyck,fklimochkinck@discovery.com,4/18/2021
454,454,454,zbengoughcl,ijurasekcl@imageshack.us,2/19/2021
455,455,455,cbulliercm,jfurssecm@harvard.edu,12/18/2021
456,456,456,lcammidgecn,imacgiollapheadaircn@tripod.com,10/10/2021
457,457,457,cchieseco,kshitliffeco@privacy.gov.au,2/15/2021
458,458,458,cschellecp,smcgurncp@who.int,9/18/2021
459,459,459,eleatecq,emcshanecq@themeforest.net,8/29/2021
460,460,460,ifelloscr,atunycr@china.com.cn,2/15/2021
461,461,461,mdannettcs,iwilloughleycs@canalblog.com,2/11/2021
462,462,462,bdanilowiczct,aclohissyct@yellowbook.com,8/24/2021
463,463,463,ckoberacu,hstearncu@nbcnews.com,8/28/2021
464,464,464,ocraddockcv,plevingscv@admin.ch,6/11/2021
465,465,465,jdysartcw,aiglesiacw@prweb.com,11/22/2021
466,466,466,dbluckcx,skavecx@t.co,2/11/2021
467,467,467,gphoebecy,lduffriecy@gravatar.com,3/3/2021
468,468,468,fcurreycz,ccicchitellocz@answers.com,12/4/2021
469,469,469,asapsedd0,hohalleghaned0@tumblr.com,3/2/2021
470,470,470,dcowderoyd1,jwaded1@multiply.com,8/9/2021
471,471,471,apelcheurd2,crobyd2@dagondesign.com,7/10/2021
472,472,472,fbessetd3,rtarboxd3@nydailynews.com,9/24/2021
473,473,473,lstaggd4,tcelierd4@nationalgeographic.com,8/28/2021
474,474,474,bgreatbachd5,kpitrellid5@wunderground.com,6/30/2021
475,475,475,mbrockbankd6,csteetd6@oaic.gov.au,2/27/2021
476,476,476,dgorringd7,wduigedd7@123-reg.co.uk,1/29/2021
477,477,477,trosendorfd8,ccinod8@github.com,6/25/2021
478,478,478,zdreherd9,nmaryskad9@yahoo.co.jp,8/5/2021
479,479,479,bwilflingda,acaistorda@umn.edu,3/16/2021
480,480,480,mpleasancedb,oromandb@theatlantic.com,4/16/2021
481,481,481,jdurndc,acussinsdc@macromedia.com,7/18/2021
482,482,482,blamacraftdd,ewagstaffdd@epa.gov,3/17/2021
483,483,483,ssousade,vmuskde@shareasale.com,11/2/2021
484,484,484,mhuorticdf,apockdf@youtu.be,10/25/2021
485,485,485,adodledg,gcornillotdg@fda.gov,2/17/2021
486,486,486,fslimingsdh,bveelersdh@hao123.com,12/4/2021
487,487,487,mgavarandi,jharmedi@abc.net.au,9/27/2021
488,488,488,rmcghiedj,hconnockdj@google.it,3/30/2021
489,489,489,shindesdk,vdivisekdk@acquirethisname.com,12/30/2021
490,490,490,mmackintoshdl,dcostaindl@studiopress.com,3/31/2021
491,491,491,grandaldm,ylemanudm@dailymail.co.uk,6/25/2021
492,492,492,rduthydn,mcallinandn@cbc.ca,5/15/2021
493,493,493,dtwelvetreesdo,scadwelldo@cbslocal.com,1/23/2021
494,494,494,teichdp,cgiacomellidp@newyorker.com,7/3/2021
495,495,495,dfochdq,poldfieldcherrydq@yelp.com,12/19/2021
496,496,496,gpeircedr,jdumperdr@drupal.org,1/8/2022
497,497,497,bshalloeds,tmassardds@state.gov,5/30/2021
498,498,498,kdrondt,whansterdt@icq.com,2/17/2021
499,499,499,gellesworthedu,hmcmylordu@cloudflare.com,6/20/2021
500,500,500,cbalfredv,ddecayettedv@shinystat.com,6/24/2021
501,501,501,ameijerdw,ospaingowerdw@clickbank.net,1/8/2022
502,502,502,fhunnamdx,nlenoiredx@opensource.org,9/3/2021
503,503,503,dogdahldy,asmeetondy@macromedia.com,4/12/2021
504,504,504,mabramovicdz,leacottdz@whitehouse.gov,12/24/2021
505,505,505,kbarthrame0,hperschkee0@wufoo.com,9/8/2021
506,506,506,hlindelofe1,mhoxeye1@disqus.com,2/21/2021
507,507,507,mdeyee2,fepgravee2@gmpg.org,11/18/2021
508,508,508,ksimenote3,akilgallone3@cbslocal.com,1/27/2021
509,509,509,lesselene4,nmcgheee4@bluehost.com,12/12/2021
510,510,510,blawlane5,ndalwoode5@cisco.com,5/16/2021
511,511,511,aclaricoatse6,cnorvele6@imageshack.us,4/13/2021
512,512,512,ssidarye7,pbinglee7@arstechnica.com,3/13/2021
513,513,513,amathisone8,nmooringe8@blogtalkradio.com,7/7/2021
514,514,514,wflighte9,plenchenkoe9@parallels.com,9/19/2021
515,515,515,spestorea,kiannittiea@issuu.com,2/7/2021
516,516,516,gdunkleyeb,emaccoughaneb@skype.com,1/15/2021
517,517,517,mrampleeec,gdunniomec@prlog.org,11/20/2021
518,518,518,gbatcheldered,fwrighthamed@vimeo.com,1/14/2021
519,519,519,kbentameee,jcheesleyee@dropbox.com,7/18/2021
520,520,520,dlinseyef,atindleef@nature.com,1/29/2021
521,521,521,etedorenkoeg,jboribaleg@answers.com,4/30/2021
522,522,522,mcosgriveeh,dklusseh@cdc.gov,9/1/2021
523,523,523,bholseyei,kglassei@hp.com,2/17/2021
524,524,524,cskingleej,salldenej@amazon.de,11/1/2021
525,525,525,bvarvellek,kledsonek@imgur.com,3/2/2021
526,526,526,fharridayel,acrazeel@craigslist.org,8/4/2021
527,527,527,wmccleanem,ngiacomozzoem@ft.com,4/27/2021
528,528,528,hwhiteforden,tphilbricken@woothemes.com,5/16/2021
529,529,529,jbuggeeo,whullinseo@jugem.jp,8/25/2021
530,530,530,vdarcyep,nuffep@imageshack.us,10/27/2021
531,531,531,tchallaceeq,pealleseq@dmoz.org,5/21/2021
532,532,532,khauxleyer,mboaser@cloudflare.com,10/13/2021
533,533,533,qgraftonherbertes,salelsandrowiczes@accuweather.com,8/13/2021
534,534,534,cluffet,jhebblethwaiteet@yahoo.co.jp,7/17/2021
535,535,535,jgreatrexeu,lgrelikeu@de.vu,8/24/2021
536,536,536,tbartholinev,szarfaiev@jugem.jp,5/25/2021
537,537,537,rtylerew,rblacklidgeew@zdnet.com,1/17/2021
538,538,538,mandoverex,lhugnotex@who.int,11/10/2021
539,539,539,pkristufekey,afinessyey@blinklist.com,1/7/2022
540,540,540,fkingscoteez,thayesez@photobucket.com,2/16/2021
541,541,541,ascourfieldf0,dlayzellf0@omniture.com,6/28/2021
542,542,542,jszimonif1,kroadsf1@sbwire.com,10/17/2021
543,543,543,arobathamf2,ggraylandf2@reddit.com,6/8/2021
544,544,544,ldidsburyf3,dscholtef3@smugmug.com,1/18/2021
545,545,545,mscotsbrookf4,mbraidmanf4@fotki.com,5/14/2021
546,546,546,idendonf5,eionnidisf5@cam.ac.uk,12/24/2021
547,547,547,csewleyf6,abatterf6@freewebs.com,1/8/2022
548,548,548,abonnerf7,msorof7@nyu.edu,4/9/2021
549,549,549,adamatof8,tforsydef8@altervista.org,2/20/2021
550,550,550,eoxtebyf9,gblowinf9@wikispaces.com,5/2/2021
551,551,551,olanganfa,gmackleyfa@accuweather.com,9/22/2021
552,552,552,tbradefb,cgarlicfb@shutterfly.com,6/19/2021
553,553,553,cboydefc,kcawoodfc@surveymonkey.com,3/20/2021
554,554,554,ahartgillfd,bmcgirlfd@phpbb.com,12/28/2021
555,555,555,mleghornfe,wwaliszekfe@sohu.com,11/16/2021
556,556,556,tmockettff,kpaoloff@sphinn.com,5/15/2021
557,557,557,escheufg,kbrixeyfg@xrea.com,6/25/2021
558,558,558,brodingerfh,amaasefh@cbslocal.com,6/13/2021
559,559,559,ngullisfi,scoushefi@ebay.co.uk,6/23/2021
560,560,560,gkilbyfj,dnewickfj@technorati.com,11/14/2021
561,561,561,wjayefk,ddoonefk@tamu.edu,7/5/2021
562,562,562,ggummaryfl,hgashionfl@yahoo.co.jp,4/9/2021
563,563,563,bferrifm,smouthfm@lycos.com,8/22/2021
564,564,564,ecrossdalefn,sspeersfn@g.co,7/23/2021
565,565,565,dmcneicefo,acourtfo@uol.com.br,9/15/2021
566,566,566,mmcaveyfp,bpickerfp@google.pl,4/6/2021
567,567,567,varntzenfq,sdopsonfq@icq.com,9/20/2021
568,568,568,gavramovskyfr,bhabbijamfr@sbwire.com,3/19/2021
569,569,569,nkeransfs,jmaasefs@europa.eu,11/2/2021
570,570,570,ksmellieft,lperrycostft@nasa.gov,5/12/2021
571,571,571,yaslettfu,bwhitehornfu@ezinearticles.com,3/18/2021
572,572,572,jtannerfv,hlidgertonfv@bizjournals.com,4/10/2021
573,573,573,tgarrettsonfw,bswaynefw@smugmug.com,6/24/2021
574,574,574,jkleinfx,abethellfx@wisc.edu,12/6/2021
575,575,575,sjizhakify,jdoerrlingfy@dropbox.com,8/6/2021
576,576,576,bmacalpinefz,ebursellfz@mozilla.com,3/7/2021
577,577,577,lsilwoodg0,sbrosettig0@amazon.com,10/27/2021
578,578,578,gfumagallog1,fshillabearg1@purevolume.com,5/1/2021
579,579,579,halfonsettig2,sbryceg2@wikia.com,4/16/2021
580,580,580,dpedrong3,tfullardg3@bizjournals.com,1/2/2022
581,581,581,htourvilleg4,eknowlesg4@typepad.com,8/29/2021
582,582,582,gvernaug5,kmatzaitisg5@mtv.com,10/10/2021
583,583,583,gtowng6,tfaldog6@admin.ch,1/8/2022
584,584,584,dodowgaineg7,vrizzellig7@yellowbook.com,8/31/2021
585,585,585,efrailg8,baronsohng8@mozilla.com,4/5/2021
586,586,586,aheathorng9,slechelleg9@de.vu,8/30/2021
587,587,587,ctongga,qolwenga@msu.edu,1/14/2021
588,588,588,mfreegardgb,mmorhallgb@bloglines.com,8/13/2021
589,589,589,kpaylegc,rcaprongc@lycos.com,7/1/2021
590,590,590,hinnocentigd,cperelgd@mozilla.com,5/30/2021
591,591,591,smcdowellge,lbrunningge@webs.com,6/21/2021
592,592,592,bchallinergf,dcamelligf@rakuten.co.jp,5/30/2021
593,593,593,ltheodoregg,ppiattogg@networkadvertising.org,1/16/2021
594,594,594,fcowillgh,ecrouchergh@mail.ru,8/25/2021
595,595,595,aaumerlegi,ggabbottsgi@naver.com,11/20/2021
596,596,596,kskatesgj,bridsdalegj@comsenz.com,10/25/2021
597,597,597,pcaesargk,onewlandsgk@xing.com,11/20/2021
598,598,598,tfriesegl,fcatergl@biglobe.ne.jp,6/4/2021
599,599,599,lhackeltongm,skupkagm@theatlantic.com,6/22/2021
600,600,600,kcragheadgn,mnorkergn@youtu.be,3/22/2021
601,601,601,dwatmango,cgrelliergo@google.it,5/4/2021
602,602,602,jmeesgp,alewndengp@cocolog-nifty.com,1/13/2021
603,603,603,zshorrockgq,molnergq@netscape.com,11/10/2021
604,604,604,jwanellgr,htrustramgr@cisco.com,10/6/2021
605,605,605,asangwinegs,brenboldgs@baidu.com,10/29/2021
606,606,606,frainforthgt,dgoodhaygt@ucsd.edu,6/12/2021
607,607,607,aallberrygu,faersgu@reuters.com,10/20/2021
608,608,608,mperazzogv,tsprakesgv@devhub.com,9/10/2021
609,609,609,istuddgw,ntemprellgw@fotki.com,12/12/2021
610,610,610,hivicgx,lcodgx@pbs.org,1/15/2021
611,611,611,rblemingsgy,dlermitgy@columbia.edu,2/7/2021
612,612,612,brainsgz,divanovicgz@free.fr,6/25/2021
613,613,613,mtarbatth0,dbruinemanh0@senate.gov,10/30/2021
614,614,614,vwhatsizeh1,rcarlisih1@imageshack.us,3/11/2021
615,615,615,aferruccih2,kantoszewskih2@storify.com,6/8/2021
616,616,616,bocrianeh3,mwhetnallh3@altervista.org,5/10/2021
617,617,617,lflethamh4,gmetcalfh4@seattletimes.com,8/1/2021
618,618,618,epavelinh5,scouldwellh5@feedburner.com,10/18/2021
619,619,619,cclorleyh6,bordh6@prweb.com,3/8/2021
620,620,620,ltollowh7,gwalsterh7@salon.com,5/8/2021
621,621,621,jmacallasterh8,rbiancoh8@techcrunch.com,11/12/2021
622,622,622,kjackettsh9,ebramsomh9@example.com,3/28/2021
623,623,623,fgamblesha,nchamha@a8.net,12/5/2021
624,624,624,gdiceyhb,pheersemahb@eventbrite.com,6/14/2021
625,625,625,lcocketthc,awoodfieldhc@prweb.com,10/19/2021
626,626,626,crosierhd,lsuttonhd@cdbaby.com,5/12/2021
627,627,627,sabramamovhhe,pburrenhe@biblegateway.com,12/8/2021
628,628,628,ifrancescohf,rlavignehf@cafepress.com,11/29/2021
629,629,629,kjermyhg,amcsperrinhg@twitpic.com,8/23/2021
630,630,630,bstrangehh,mokenfoldhh@constantcontact.com,2/6/2021
631,631,631,knowakhi,bkaashi@geocities.jp,7/18/2021
632,632,632,agerrellhj,hchallenorhj@amazon.com,4/3/2021
633,633,633,lroggerohk,hdelayglesiahk@scribd.com,11/14/2021
634,634,634,mduetschehl,mdiggleshl@answers.com,7/6/2021
635,635,635,gpowershm,kmacgownhm@amazon.co.uk,6/4/2021
636,636,636,mtondeurhn,kthickinhn@un.org,6/12/2021
637,637,637,xhambricho,dchapierho@forbes.com,10/19/2021
638,638,638,vgawithhp,khucklebyhp@cbsnews.com,11/14/2021
639,639,639,bumanhq,ahlavachq@ox.ac.uk,4/21/2021
640,640,640,ciglesiahr,ewizhr@symantec.com,5/5/2021
641,641,641,cmatashkinhs,mcosbeehs@issuu.com,9/14/2021
642,642,642,krogerht,gsparhamht@wisc.edu,12/25/2021
643,643,643,batwellhu,mmcdunlevyhu@nature.com,10/31/2021
644,644,644,elesurfhv,lblasiakhv@examiner.com,2/3/2021
645,645,645,crosenkranchw,thigginbottamhw@state.tx.us,12/13/2021
646,646,646,brawlcliffehx,rasipenkohx@qq.com,9/26/2021
647,647,647,obescobyhy,hcutcheehy@dot.gov,6/18/2021
648,648,648,rmcquakerhz,alarnerhz@gizmodo.com,6/11/2021
649,649,649,uvarndelli0,kleopardi0@psu.edu,4/11/2021
650,650,650,jduckworthi1,smeecei1@mlb.com,11/16/2021
651,651,651,gweildi2,jfilippoi2@printfriendly.com,2/22/2021
652,652,652,polekhovi3,hlaverocki3@usnews.com,9/6/2021
653,653,653,vedgeworthi4,epollacki4@ihg.com,5/31/2021
654,654,654,isimonittoi5,fdallmanni5@macromedia.com,12/19/2021
655,655,655,voverburyi6,wshackeli6@yellowbook.com,7/5/2021
656,656,656,dtregieni7,clandsboroughi7@unc.edu,9/6/2021
657,657,657,cgrzelczyki8,cfrosti8@tinypic.com,11/22/2021
658,658,658,mbraveryi9,shailyi9@squarespace.com,1/20/2021
659,659,659,bstickelia,pespinosia@artisteer.com,7/14/2021
660,660,660,cbernolletib,adrennanib@barnesandnoble.com,2/5/2021
661,661,661,bbladderic,mmillsonic@webmd.com,8/6/2021
662,662,662,mhulmeid,ppenasid@admin.ch,2/12/2021
663,663,663,rvanderkruisie,nstonhardie@livejournal.com,6/27/2021
664,664,664,rengallif,gphillipsif@dion.ne.jp,4/16/2021
665,665,665,rmaybeyig,tdederichig@quantcast.com,12/10/2021
666,666,666,imuzzolloih,rcamberih@reddit.com,10/12/2021
667,667,667,ldedomenicoii,mgreethamii@mapquest.com,6/22/2021
668,668,668,bzamboniniij,bgagesij@flavors.me,9/25/2021
669,669,669,rshawelik,sspiteriik@geocities.com,10/23/2021
670,670,670,hblewettil,bweatherillil@reverbnation.com,7/21/2021
671,671,671,tclilverdim,amidnerim@quantcast.com,1/19/2021
672,672,672,kstarmontin,dhawkswoodin@bing.com,12/23/2021
673,673,673,vpetcherio,jdionisettoio@hc360.com,3/22/2021
674,674,674,mburridgeip,dverricoip@example.com,11/15/2021
675,675,675,channantiq,bheinritziq@youtu.be,12/12/2021
676,676,676,kbarnsleyir,agoudieir@timesonline.co.uk,8/21/2021
677,677,677,mclemmensis,ascadeis@ehow.com,11/5/2021
678,678,678,amcnabit,jcastanyerit@example.com,9/21/2021
679,679,679,bhuertasiu,fswynfeniu@blogger.com,7/29/2021
680,680,680,mhenaughaniv,rwingroveiv@forbes.com,5/2/2021
681,681,681,mpagniniw,afairningtoniw@imageshack.us,10/30/2021
682,682,682,tisonix,mwolledgeix@usnews.com,10/9/2021
683,683,683,imedcalfeiy,rheakinsiy@creativecommons.org,10/14/2021
684,684,684,ftreatiz,rricciardelliiz@washingtonpost.com,10/15/2021
685,685,685,scamplingj0,jbealesj0@csmonitor.com,5/7/2021
686,686,686,ccristofolj1,rmaskreyj1@state.tx.us,6/5/2021
687,687,687,rfarfootj2,sneamej2@scribd.com,8/29/2021
688,688,688,cqueenj3,jhaconj3@cbslocal.com,8/20/2021
689,689,689,lkalej4,esifletj4@phoca.cz,11/17/2021
690,690,690,sokellyj5,ngrinterj5@cnet.com,4/22/2021
691,691,691,wdescoffierj6,kaleixoj6@nifty.com,3/24/2021
692,692,692,lbroadeyj7,gbyfieldj7@nba.com,8/5/2021
693,693,693,gkitchingmanj8,llavallj8@engadget.com,3/9/2021
694,694,694,tminellij9,econorj9@twitter.com,5/13/2021
695,695,695,ccrapperja,erosenfelderja@nytimes.com,3/29/2021
696,696,696,ccamossojb,gclancyjb@unesco.org,11/20/2021
697,697,697,dmcilhattonjc,onorvaljc@cornell.edu,4/7/2021
698,698,698,kbenchjd,kgriffithejd@merriam-webster.com,4/28/2021
699,699,699,obottlesonje,tswynleyje@free.fr,11/16/2021
700,700,700,nitzcovichjf,avannerjf@xing.com,6/11/2021
701,701,701,bcollisjg,fkulisjg@prlog.org,1/24/2021
702,702,702,gorrocksjh,gwenningtonjh@baidu.com,11/19/2021
703,703,703,dmacmenamyji,cfarrji@sogou.com,3/3/2021
704,704,704,wmoynhamjj,tbollandsjj@shutterfly.com,5/26/2021
705,705,705,faupoljk,slarmouthjk@so-net.ne.jp,11/23/2021
706,706,706,uswinbournejl,csawneyjl@about.com,4/25/2021
707,707,707,bwilloughleyjm,jgentilejm@facebook.com,4/24/2021
708,708,708,akingswoodjn,acozzijn@youku.com,5/20/2021
709,709,709,dphelipeauxjo,mfearensidejo@t.co,10/15/2021
710,710,710,igawthropjp,oatthowjp@columbia.edu,7/6/2021
711,711,711,vhogbinjq,lgadmanjq@redcross.org,6/28/2021
712,712,712,jhaldenjr,jdenyaginjr@creativecommons.org,5/13/2021
713,713,713,mlandsbergjs,oeggerjs@wikimedia.org,3/9/2021
714,714,714,tgonninjt,vfairfootjt@slashdot.org,10/25/2021
715,715,715,jrousbyju,bnaughtonju@hud.gov,6/6/2021
716,716,716,hdumbltonjv,lbonafantjv@cisco.com,7/1/2021
717,717,717,mcrassjw,lassenderjw@etsy.com,1/23/2021
718,718,718,jprandinijx,bhazeldenjx@webnode.com,10/12/2021
719,719,719,cfrackiewiczjy,cledekkerjy@tripod.com,9/4/2021
720,720,720,amurreyjz,ischrineljz@soup.io,11/14/2021
721,721,721,vjeffriesk0,cioselevk0@xing.com,4/7/2021
722,722,722,rsercombek1,sbaseggiok1@blogger.com,5/18/2021
723,723,723,ddeverosek2,aayrsk2@furl.net,5/25/2021
724,724,724,iwithefordk3,sdavidouk3@ucoz.ru,9/30/2021
725,725,725,jthiemk4,asuggettk4@theglobeandmail.com,4/9/2021
726,726,726,adandiek5,xstansbyk5@woothemes.com,7/31/2021
727,727,727,scagek6,ahiomk6@mail.ru,10/3/2021
728,728,728,mrestallk7,vtookeyk7@ezinearticles.com,8/8/2021
729,729,729,umarshamk8,wsetterthwaitk8@rambler.ru,7/12/2021
730,730,730,cfennellk9,cattwaterk9@wsj.com,11/19/2021
731,731,731,bbewfieldka,kdenisotka@ed.gov,6/3/2021
732,732,732,ngoodhandkb,lgilpinkb@webeden.co.uk,4/7/2021
733,733,733,hthomsonkc,hrichardeaukc@bluehost.com,12/13/2021
734,734,734,rchitsonkd,wdalzellkd@hp.com,4/13/2021
735,735,735,fpinorke,ryitzhakke@reuters.com,9/19/2021
736,736,736,bbrittokf,ffirthkf@sakura.ne.jp,9/29/2021
737,737,737,hziemkg,zsolanokg@usatoday.com,12/27/2021
738,738,738,wtramelkh,bpoynorkh@yahoo.co.jp,11/16/2021
739,739,739,crubbertski,kplacidoki@vk.com,1/12/2021
740,740,740,rcropkj,kpasmorekj@imdb.com,1/7/2022
741,741,741,cwyliekk,lhaggerwoodkk@indiatimes.com,5/7/2021
742,742,742,prampagekl,mbarlasskl@senate.gov,3/14/2021
743,743,743,mbreedykm,sbickerstaffekm@hugedomains.com,5/9/2021
744,744,744,cwheatleykn,spischofkn@indiegogo.com,3/16/2021
745,745,745,hkinnenko,ecogglesko@people.com.cn,9/11/2021
746,746,746,kmattessenkp,pprayerkp@ox.ac.uk,4/4/2021
747,747,747,dbobaschkq,uandreacciokq@google.ca,11/7/2021
748,748,748,bswiffinkr,fwhistlecroftkr@addtoany.com,8/8/2021
749,749,749,caggisks,kfernsks@vistaprint.com,7/27/2021
750,750,750,cedgettkt,rzelleykt@goo.gl,1/6/2022
751,751,751,ldulingku,wfallensku@usa.gov,6/4/2021
752,752,752,dfortonkv,laharonikv@prlog.org,7/6/2021
753,753,753,tprenticekw,ldavydzenkokw@cyberchimps.com,8/23/2021
754,754,754,iurchkx,bertkx@barnesandnoble.com,11/10/2021
755,755,755,cclaeskensky,mishchenkoky@hubpages.com,6/30/2021
756,756,756,icarlonkz,ekullkz@dyndns.org,9/25/2021
757,757,757,clorainl0,gmoulsdalel0@nbcnews.com,8/16/2021
758,758,758,aizardl1,epiatekl1@paginegialle.it,2/7/2021
759,759,759,zlivingstonel2,pskyml2@bandcamp.com,9/3/2021
760,760,760,gmccomiskeyl3,gsamwelll3@yellowbook.com,8/6/2021
761,761,761,modeeganl4,ageldefordl4@tiny.cc,6/6/2021
762,762,762,jjedrzejewskyl5,tnanol5@jalbum.net,2/3/2021
763,763,763,stownbyl6,tconrathl6@nba.com,9/2/2021
764,764,764,gtrillol7,kgilffillandl7@omniture.com,9/22/2021
765,765,765,rdavidekl8,ecolliverl8@odnoklassniki.ru,5/24/2021
766,766,766,jkitchinhaml9,rdakel9@123-reg.co.uk,3/12/2021
767,767,767,credshawla,vvaanla@posterous.com,8/29/2021
768,768,768,jblakelylb,echanterlb@posterous.com,4/3/2021
769,769,769,flodderlc,bspriggslc@noaa.gov,1/31/2021
770,770,770,vfullerld,ddonovinld@infoseek.co.jp,5/10/2021
771,771,771,tfrickerle,dimortle@mysql.com,5/9/2021
772,772,772,tlazarelf,vdelgadillolf@ehow.com,7/6/2021
773,773,773,malldenlg,kpottslg@ibm.com,11/5/2021
774,774,774,fslinnlh,wbaldellilh@e-recht24.de,3/8/2021
775,775,775,jmatchettli,esheadli@hibu.com,11/10/2021
776,776,776,mallumlj,kaldisslj@globo.com,8/19/2021
777,777,777,ndigglk,mpremblelk@delicious.com,11/10/2021
778,778,778,frentalllll,aferneyhoughll@yahoo.co.jp,9/21/2021
779,779,779,lallinsonlm,fmordonlm@odnoklassniki.ru,1/6/2022
780,780,780,ejorryln,rodyvoyln@nps.gov,10/19/2021
781,781,781,rwhanstalllo,cyakubovicslo@imageshack.us,7/27/2021
782,782,782,glincolnlp,bpincottlp@walmart.com,5/24/2021
783,783,783,mmanginotlq,ctiltlq@businesswire.com,8/7/2021
784,784,784,tallinlr,ahammelberglr@cloudflare.com,2/1/2021
785,785,785,rantoniouls,cgodlipls@pagesperso-orange.fr,1/21/2021
786,786,786,ccosenslt,dhartlylt@adobe.com,5/1/2021
787,787,787,atitmusslu,hmcphelimeylu@merriam-webster.com,8/6/2021
788,788,788,msabatinilv,jsisselv@multiply.com,5/10/2021
789,789,789,ksimoeslw,qstollenberglw@wix.com,10/5/2021
790,790,790,kisenorlx,nhublx@ihg.com,4/25/2021
791,791,791,bmcilrathly,cmoyersly@privacy.gov.au,4/3/2021
792,792,792,theinkelz,jblincoelz@edublogs.org,2/4/2021
793,793,793,gcosinm0,iogeaneym0@nba.com,7/26/2021
794,794,794,wkelbermanm1,rhecknerm1@upenn.edu,5/24/2021
795,795,795,rtaksm2,nniblom2@shop-pro.jp,9/13/2021
796,796,796,nheffym3,eaddym3@yale.edu,8/21/2021
797,797,797,jfrerem4,ccoggeshallm4@ft.com,10/17/2021
798,798,798,gmartem5,aoneliganm5@google.co.jp,3/27/2021
799,799,799,vhardestym6,xbalffyem6@reverbnation.com,12/3/2021
800,800,800,prillstonem7,mpetyakovm7@soup.io,4/10/2021
801,801,801,gkillikm8,afiermanm8@jugem.jp,3/31/2021
802,802,802,qmansuerm9,dmayohm9@woothemes.com,11/19/2021
803,803,803,sboncorema,rmartusovma@qq.com,10/19/2021
804,804,804,mnewhammb,nhuguesmb@sogou.com,3/14/2021
805,805,805,mmckechniemc,bministermc@ibm.com,9/26/2021
806,806,806,ttreesmd,imorsommd@wired.com,5/24/2021
807,807,807,rcurleme,cmallaboneme@hc360.com,8/5/2021
808,808,808,aoxleemf,gbloanmf@reverbnation.com,9/16/2021
809,809,809,awoolstonmg,iblindtmg@economist.com,12/17/2021
810,810,810,kbartlomiejmh,awhittenburymh@imdb.com,11/12/2021
811,811,811,rmolanmi,kkilbournemi@apple.com,8/14/2021
812,812,812,eferedaymj,smilstedmj@hugedomains.com,7/10/2021
813,813,813,lkopacekmk,iguilaemmk@unicef.org,12/24/2021
814,814,814,rdorsayml,ashiersml@163.com,7/19/2021
815,815,815,mhouldinmm,jkuhlemm@hostgator.com,12/1/2021
816,816,816,hcorrinmn,sdarcymn@cbsnews.com,3/24/2021
817,817,817,bthurlbymo,dpaynemo@bing.com,6/18/2021
818,818,818,abinnionmp,llaurencotmp@comsenz.com,4/26/2021
819,819,819,aabbetmq,hmccrawmq@tmall.com,12/26/2021
820,820,820,jcanizaresmr,ajanjusevicmr@amazon.co.uk,6/7/2021
821,821,821,smorganms,smilsteadms@last.fm,8/24/2021
822,822,822,jheselwoodmt,afultonmt@xinhuanet.com,6/12/2021
823,823,823,sdoughtonmu,alonghimu@bloglines.com,1/13/2021
824,824,824,tdesantosmv,ocicculinimv@shutterfly.com,2/24/2021
825,825,825,rgeekiemw,aantoniottiimw@aol.com,10/2/2021
826,826,826,sgiacubomx,ktardiffmx@unicef.org,1/2/2022
827,827,827,eleipoldmy,dlandeauxmy@moonfruit.com,1/23/2021
828,828,828,bgoslingmz,aguittetmz@lycos.com,7/4/2021
829,829,829,phakingn0,rborrowsn0@example.com,7/18/2021
830,830,830,ewaitlandn1,bconnorsn1@deliciousdays.com,6/30/2021
831,831,831,mcaesarn2,whardsonn2@wordpress.com,2/25/2021
832,832,832,mcherrisonn3,hbruntjenn3@issuu.com,8/29/2021
833,833,833,usorrelln4,ghabeshawn4@epa.gov,5/25/2021
834,834,834,bnovacekn5,rpickworthn5@yolasite.com,12/8/2021
835,835,835,rsawkinn6,cknaggsn6@csmonitor.com,5/6/2021
836,836,836,adorgann7,rfurbern7@xrea.com,2/17/2021
837,837,837,fmcgeen8,dblaneyn8@wsj.com,6/1/2021
838,838,838,vdarlisonn9,mclevelandn9@slate.com,8/25/2021
839,839,839,gbeeswingna,nrisbiena@netlog.com,11/12/2021
840,840,840,hplewmannb,mcostenb@yandex.ru,12/11/2021
841,841,841,bcorderonc,blafrentznc@lycos.com,1/24/2021
842,842,842,hblenkironnd,ametheringhamnd@t.co,3/6/2021
843,843,843,thogbinne,mforkanne@cisco.com,9/1/2021
844,844,844,iwixonnf,amaciaknf@odnoklassniki.ru,5/3/2021
845,845,845,kmansfieldng,bbighamng@about.com,12/14/2021
846,846,846,mchoupinnh,dbawdonnh@microsoft.com,7/2/2021
847,847,847,azimmermannsni,csibbaldni@reverbnation.com,10/18/2021
848,848,848,llavignenj,owharmbynj@paginegialle.it,3/1/2021
849,849,849,ckinnernk,gkenneficknk@mac.com,11/6/2021
850,850,850,nberannl,yvanderveldennl@chron.com,6/21/2021
851,851,851,cspirrittnm,jjeremiahnm@virginia.edu,12/26/2021
852,852,852,tsigertnn,cskillandersnn@imageshack.us,2/16/2021
853,853,853,lanchorno,mlewcockno@ebay.com,9/24/2021
854,854,854,bmaccollomnp,mtoupenp@slashdot.org,6/9/2021
855,855,855,jinfantinonq,zbrentnallnq@dedecms.com,5/15/2021
856,856,856,ematyushonoknr,kweightmannr@soup.io,7/25/2021
857,857,857,vdensonns,ghadentonns@angelfire.com,9/15/2021
858,858,858,acasseynt,jathownt@mysql.com,6/24/2021
859,859,859,reskriettnu,livicnu@mozilla.com,3/8/2021
860,860,860,brysomnv,jbeaudrynv@zdnet.com,12/25/2021
861,861,861,llabadininw,wheinickenw@wiley.com,2/12/2021
862,862,862,lthamesnx,bmowburynx@canalblog.com,4/2/2021
863,863,863,agodsellny,kstidworthyny@icq.com,10/7/2021
864,864,864,mhamelnz,mmctrustamnz@mapy.cz,1/29/2021
865,865,865,acaveeo0,bpennyo0@hexun.com,2/25/2021
866,866,866,sswancotto1,cridetto1@tamu.edu,3/17/2021
867,867,867,rquinaneo2,battono2@furl.net,4/14/2021
868,868,868,jcampleno3,edulanyo3@purevolume.com,8/4/2021
869,869,869,zcookmano4,bbrigshawo4@umn.edu,3/25/2021
870,870,870,hmonikero5,cvineallo5@yandex.ru,11/12/2021
871,871,871,gleatherso6,izuano6@nationalgeographic.com,11/8/2021
872,872,872,kbrookfieldo7,hguto7@google.de,7/5/2021
873,873,873,creamano8,bwellmano8@hhs.gov,2/25/2021
874,874,874,sgreesono9,nvasyunichevo9@huffingtonpost.com,9/28/2021
875,875,875,bbillowsoa,prameloa@sphinn.com,8/17/2021
876,876,876,nhussellob,hsyddonob@domainmarket.com,8/3/2021
877,877,877,jcowderyoc,twindrassoc@sfgate.com,7/5/2021
878,878,878,wstarrsod,gdevittod@home.pl,11/14/2021
879,879,879,dcullumoe,wharronoe@themeforest.net,8/9/2021
880,880,880,ileaningof,fmablyof@miibeian.gov.cn,12/4/2021
881,881,881,aholdronog,londrousekog@imageshack.us,3/10/2021
882,882,882,nprettioh,rsmillieoh@jugem.jp,7/3/2021
883,883,883,bcooleoi,cmackelleroi@cisco.com,7/16/2021
884,884,884,vgarratoj,fhuxtableoj@ucoz.ru,9/1/2021
885,885,885,hethersonok,fvanyushkinok@webnode.com,8/4/2021
886,886,886,blahertyol,lhambatchol@umich.edu,3/27/2021
887,887,887,mrougeom,sconnom@businessweek.com,2/5/2021
888,888,888,epilkintonon,jdillistonon@123-reg.co.uk,1/25/2021
889,889,889,mrosenbaumoo,alamasoo@lycos.com,2/1/2021
890,890,890,balthamop,cdownageop@ameblo.jp,6/14/2021
891,891,891,yfostoq,mroeoq@sfgate.com,10/3/2021
892,892,892,ejamotor,tslocumor@merriam-webster.com,4/13/2021
893,893,893,phaglingtonos,mhalvosenos@github.io,5/30/2021
894,894,894,sivannikovot,eovittsot@mail.ru,1/21/2021
895,895,895,cpenningsou,emcguaneou@wiley.com,10/27/2021
896,896,896,jgiorgiov,hgrattonov@umn.edu,3/5/2021
897,897,897,lwitherspoonow,bfleethamow@pcworld.com,9/6/2021
898,898,898,omunkleyox,rcornfootox@lycos.com,4/10/2021
899,899,899,dvineyoy,njosumoy@scribd.com,8/17/2021
900,900,900,elaceyoz,pthunnerclefoz@ox.ac.uk,1/29/2021
901,901,901,sdaleyp0,kstainerp0@networkadvertising.org,12/16/2021
902,902,902,oamyesp1,hkindallp1@cisco.com,2/7/2021
903,903,903,nhadgkissp2,eventump2@altervista.org,7/15/2021
904,904,904,kjowettp3,ibeediep3@sbwire.com,8/13/2021
905,905,905,gcotherillp4,scanaanp4@vk.com,8/24/2021
906,906,906,gshalloep5,dgodferyp5@wsj.com,5/29/2021
907,907,907,hchesshirep6,etimbsp6@techcrunch.com,1/8/2022
908,908,908,jgallehawkp7,mmallinderp7@youtube.com,4/4/2021
909,909,909,tbowcherp8,amaydwayp8@webeden.co.uk,6/3/2021
910,910,910,emcgunleyp9,hrapaportp9@discovery.com,5/7/2021
911,911,911,cfarnishpa,vlabastidapa@comsenz.com,10/24/2021
912,912,912,dwollastonpb,mtredgetpb@yelp.com,2/12/2021
913,913,913,lelsippc,cpigrampc@loc.gov,11/30/2021
914,914,914,rtawtonpd,dvallenspd@wunderground.com,6/10/2021
915,915,915,hnewepe,kfielderpe@ycombinator.com,4/12/2021
916,916,916,rpasterfieldpf,ubenittipf@sohu.com,7/16/2021
917,917,917,jmunceypg,vcobbingpg@meetup.com,6/30/2021
918,918,918,aellerayph,yilyinykhph@sfgate.com,9/7/2021
919,919,919,zstarkiepi,jwimmerpi@sohu.com,2/14/2021
920,920,920,bhouricanpj,dedridgepj@shop-pro.jp,2/26/2021
921,921,921,rpengillypk,dmiallpk@last.fm,10/17/2021
922,922,922,wwelfarepl,lantonoczykpl@gizmodo.com,8/9/2021
923,923,923,dsilverwoodpm,amartenpm@admin.ch,6/5/2021
924,924,924,dthickingpn,nhopkynsonpn@nba.com,7/5/2021
925,925,925,cboarderpo,djadczakpo@ebay.com,9/2/2021
926,926,926,cflintoffpp,vblandamerepp@ucoz.com,3/8/2021
927,927,927,hmuscottpq,ekneaphseypq@umich.edu,7/30/2021
928,928,928,fgrogerpr,arobeypr@paypal.com,4/12/2021
929,929,929,ppoadps,fslackps@unesco.org,3/13/2021
930,930,930,jciccoloipt,otunnopt@ucla.edu,1/21/2021
931,931,931,awestlakepu,acawdronpu@constantcontact.com,11/11/2021
932,932,932,abrammerpv,csallingpv@smugmug.com,8/1/2021
933,933,933,adowgillpw,cvarnepw@php.net,5/29/2021
934,934,934,fdequinceypx,pharradpx@cdc.gov,1/6/2022
935,935,935,nscrowbypy,onoultonpy@about.com,6/23/2021
936,936,936,tdomninpz,kraffelspz@google.com.hk,7/20/2021
937,937,937,odogeq0,fcamamileq0@nps.gov,3/5/2021
938,938,938,eocorrinq1,rharbardq1@cbslocal.com,7/31/2021
939,939,939,lmeininkingq2,wmateikoq2@usa.gov,5/16/2021
940,940,940,millingsworthq3,cellwandq3@meetup.com,2/25/2021
941,941,941,hshipcottq4,gminthorpeq4@nytimes.com,3/26/2021
942,942,942,dwillcocksq5,mopferq5@artisteer.com,2/11/2021
943,943,943,mpesakq6,jwandsq6@marketwatch.com,1/9/2022
944,944,944,lnortheyq7,edelagnesq7@ucla.edu,10/28/2021
945,945,945,cdoughtyq8,baubertq8@google.pl,10/20/2021
946,946,946,slarmetq9,vtidderq9@google.fr,12/1/2021
947,947,947,abernathqa,lmarkovaqa@miitbeian.gov.cn,6/26/2021
948,948,948,broullierqb,formesqb@netscape.com,8/29/2021
949,949,949,rmcculleyqc,ijarmainqc@ucoz.ru,7/25/2021
950,950,950,sstabbinsqd,fjukesqd@ameblo.jp,12/14/2021
951,951,951,cbettlestoneqe,htrightonqe@myspace.com,2/19/2021
952,952,952,mmaypesqf,saitkinqf@amazon.co.uk,10/16/2021
953,953,953,djannexqg,ngrimditchqg@hc360.com,9/18/2021
954,954,954,speyntueqh,gmattheisqh@howstuffworks.com,2/13/2021
955,955,955,kmaaszqi,aioannidisqi@cbc.ca,2/4/2021
956,956,956,bzellickqj,mvarnalsqj@apache.org,1/25/2021
957,957,957,gshearnqk,nguittetqk@nature.com,9/22/2021
958,958,958,wdoniseql,ghaworthql@ifeng.com,4/26/2021
959,959,959,hkopecqm,dlapthornqm@accuweather.com,9/29/2021
960,960,960,ewalkinshawqn,rbinningqn@yellowbook.com,2/4/2021
961,961,961,jboughtonqo,mrozzellqo@apache.org,11/18/2021
962,962,962,cbrunonqp,vkinnettqp@google.nl,12/16/2021
963,963,963,ddensonqq,vbickerstaffqq@prlog.org,1/1/2022
964,964,964,leassomqr,nedieqr@umich.edu,12/31/2021
965,965,965,jickeringillqs,vrefordqs@gravatar.com,8/19/2021
966,966,966,hcrookeqt,ogabbatqt@simplemachines.org,8/30/2021
967,967,967,hurequ,gkahlerqu@digg.com,12/30/2021
968,968,968,aheddanqv,mrossqv@opensource.org,12/7/2021
969,969,969,rlittlemoreqw,aiansonqw@scribd.com,11/28/2021
970,970,970,mstefanovicqx,rsmartqx@list-manage.com,2/1/2021
971,971,971,fnormansellqy,hpauncefootqy@homestead.com,8/2/2021
972,972,972,kdufrayqz,pionqz@skyrock.com,4/11/2021
973,973,973,bdunfordr0,lhawkswoodr0@barnesandnoble.com,3/9/2021
974,974,974,preedier1,dramshawr1@aol.com,1/23/2021
975,975,975,uliptrotr2,cmeasr2@quantcast.com,9/26/2021
976,976,976,hansteysr3,fkorneichukr3@china.com.cn,8/16/2021
977,977,977,rlillemanr4,tguerrinr4@ucoz.ru,10/28/2021
978,978,978,jwedger5,fgrenkovr5@imgur.com,9/22/2021
979,979,979,strevaskusr6,gwetherilr6@gov.uk,9/8/2021
980,980,980,mfoulcherr7,miliver7@aol.com,1/12/2021
981,981,981,hpylkynytonr8,clescopr8@soundcloud.com,8/23/2021
982,982,982,nmorrittr9,soshavlanr9@ted.com,1/8/2022
983,983,983,jputtonra,abeckensallra@narod.ru,11/20/2021
984,984,984,ldoellerb,gducerb@admin.ch,5/2/2021
985,985,985,lverheijdenrc,ibleymanrc@dropbox.com,11/23/2021
986,986,986,eibbetsonrd,callridgerd@acquirethisname.com,8/6/2021
987,987,987,scalcottre,hmckinlessre@1und1.de,10/1/2021
988,988,988,tdecleenrf,sbottomrf@newyorker.com,8/14/2021
989,989,989,gmulgrewrg,smooresrg@merriam-webster.com,6/1/2021
990,990,990,ccocklandrh,rantrumrh@uol.com.br,5/3/2021
991,991,991,ngeroldiri,hfeatonbyri@mapquest.com,7/7/2021
992,992,992,pwyeldrj,shurleyrj@bluehost.com,12/30/2021
993,993,993,nbarnwillrk,djahnischrk@youtu.be,10/11/2021
994,994,994,ctourrl,slislerl@flavors.me,4/15/2021
995,995,995,leatesrm,crycerm@miitbeian.gov.cn,3/7/2021
996,996,996,kcholmondeleyrn,gdillewayrn@yolasite.com,5/18/2021
997,997,997,bcleatorro,nbeacomro@huffingtonpost.com,5/20/2021
998,998,998,jshippardrp,ashakeladerp@blogger.com,8/12/2021
999,999,999,rabilowitzrq,gthieserq@salon.com,6/30/2021
1000,1000,1000,tmoutrayreadrr,aderxrr@zimbio.com,5/5/2021
